{"cameraMode":{"drawMode":0,"name":"Shaded","section":"Shading Mode"},"sceneLighting":true,"audioPlay":false,"sceneViewState":{"showFog":true,"showMaterialUpdate":false,"showSkybox":true,"showFlares":true,"showImageEffects":true,"showParticleSystems":true},"in2DMode":false,"pivot":{"x":0.569941520690918,"y":1.7748854160308838,"z":1.8207664489746094},"rotation":{"x":0.10584653913974762,"y":0.4506598711013794,"z":-0.054035138338804248,"w":0.8848702907562256},"size":13.7268705368042,"orthographic":false}