{"cameraMode":{"drawMode":0,"name":"Shaded","section":"Shading Mode"},"sceneLighting":true,"audioPlay":false,"sceneViewState":{"showFog":true,"showMaterialUpdate":false,"showSkybox":false,"showFlares":true,"showImageEffects":true,"showParticleSystems":true},"in2DMode":false,"pivot":{"x":-0.5059447288513184,"y":1.9159784317016602,"z":-0.05062699317932129},"rotation":{"x":-0.11571191251277924,"y":0.718339204788208,"z":-0.12316685169935227,"w":-0.6748571395874023},"size":2.425571918487549,"orthographic":false}