{"cameraMode":{"drawMode":0,"name":"Shaded","section":"Shading Mode"},"sceneLighting":true,"audioPlay":false,"sceneViewState":{"showFog":true,"showMaterialUpdate":false,"showSkybox":false,"showFlares":true,"showImageEffects":true,"showParticleSystems":true},"in2DMode":false,"pivot":{"x":4.5789666175842289,"y":3.066145658493042,"z":2.310879945755005},"rotation":{"x":-0.11571191251277924,"y":0.718339204788208,"z":-0.12316685169935227,"w":-0.6748571395874023},"size":3.3420774936676027,"orthographic":false}