{"cameraMode":{"drawMode":0,"name":"Shaded","section":"Shading Mode"},"sceneLighting":false,"audioPlay":false,"sceneViewState":{"showFog":true,"showMaterialUpdate":false,"showSkybox":false,"showFlares":true,"showImageEffects":true,"showParticleSystems":true},"in2DMode":false,"pivot":{"x":-0.4898817241191864,"y":0.46927109360694888,"z":0.2989436686038971},"rotation":{"x":-0.17720912396907807,"y":-0.11697279661893845,"z":0.02111254259943962,"w":-0.9770391583442688},"size":2.071556806564331,"orthographic":false}