{"cameraMode":{"drawMode":0,"name":"Shaded","section":"Shading Mode"},"sceneLighting":true,"audioPlay":false,"sceneViewState":{"showFog":true,"showMaterialUpdate":false,"showSkybox":false,"showFlares":true,"showImageEffects":true,"showParticleSystems":true},"in2DMode":false,"pivot":{"x":-0.14623260498046876,"y":1.2840003967285157,"z":0.5457477569580078},"rotation":{"x":-0.11571191251277924,"y":0.718339204788208,"z":-0.12316685169935227,"w":-0.6748571395874023},"size":5.39942741394043,"orthographic":false}